,stock,class,p_values
0,A,no change/RTC,"[0.06884574012017097, 0.0015595355533100097]"
1,AAL,increasing,"[0.0016444926870957666, 0.00035035524076465485]"
2,AAP,decreasing/RTC,"[0.0, 0.3880001903541528]"
3,AAPL,increasing,"[0.0, 0]"
4,ABBV,no change,"[0.8225105901895444, 0]"
5,ABC,increasing,"[0.0, 0]"
6,ABT,increasing,"[0.001999718523315819, 0.022446545599320133]"
7,ACGL,increasing,"[0.0, 0]"
8,ACN,decreasing/RTC,"[0.0039503499293127575, 6.865357604635136e-07]"
9,ADBE,increasing,"[1.2873635490961988e-09, 0.0]"
10,ADI,increasing,"[0.0, 0]"
11,ADM,decreasing,"[0.0, 0]"
12,ADP,decreasing/RTC,"[0.0, 0.0]"
13,ADSK,decreasing/RTC,"[0.007864175803813156, 0.0005909524493081797]"
14,AEE,no change,"[0.38774451465479776, 0.36609073311279117]"
15,AEP,decreasing/RTC,"[2.2778282854574172e-05, 0.14428532105736758]"
16,AES,decreasing/RTC,"[2.651609332104954e-08, 0.2258996255970538]"
17,AFL,increasing,"[5.774617542497751e-05, 0.0]"
18,AIG,no change/RTC,"[0.917560101723198, 0.0]"
19,AIZ,decreasing/RTC,"[0.0, 3.964047534665838e-08]"
20,AJG,increasing,"[0.0, 0]"
21,AKAM,decreasing/RTC,"[5.551115123125783e-15, 7.408740287928595e-11]"
22,ALB,decreasing,"[0.0, 0]"
23,ALGN,increasing,"[0.0, 0]"
24,ALK,no change/RTC,"[0.904792542403321, 0.02111187641975998]"
25,ALL,decreasing,"[0.0, 0]"
26,ALLE,increasing,"[6.384330375475145e-08, 0.0022638563956434155]"
27,AMAT,increasing,"[0.0, 1.534024018923219e-10]"
28,AMCR,decreasing,"[4.289901767151605e-13, 0.0012709401989363656]"
29,AMD,increasing/RTC,"[4.3076653355456074e-14, 0.10851862756815644]"
30,AME,increasing,"[0.0, 0]"
31,AMGN,decreasing,"[3.019806626980426e-14, 0]"
32,AMP,increasing,"[2.494635846783666e-07, 0.0]"
33,AMT,decreasing/RTC,"[2.220446049250313e-16, 0.2513169688449448]"
34,AMZN,decreasing/RTC,"[5.419121244365499e-05, 0.0]"
35,ANET,increasing,"[0.0, 2.4087052352683713e-09]"
36,ANSS,increasing/RTC,"[0.0, 0.09870135165942129]"
37,AON,increasing,"[0.0, 0]"
38,AOS,increasing,"[0.0, 0]"
39,APA,decreasing/RTC,"[3.4934497954441923e-06, 0.0]"
40,APD,increasing,"[4.149073093318023e-06, 1.1517546694150838e-08]"
41,APH,increasing,"[5.365403075696662e-05, 0.0]"
42,APTV,increasing,"[3.039615914524063e-08, 0]"
43,ARE,decreasing,"[0.0, 0]"
44,ATO,increasing,"[5.195843755245733e-13, 0]"
45,ATVI,increasing,"[2.110165375768247e-10, 6.661338147750939e-16]"
46,AVB,increasing,"[0.03339740617128095, 0]"
47,AVGO,increasing,"[0.0, 2.803826060215897e-10]"
48,AVY,decreasing,"[4.6541381857334585e-06, 0]"
49,AWK,decreasing,"[0.0033859852949384983, 0]"
50,AXON,increasing/RTC,"[0.0, 0.0030709930717027767]"
51,AXP,increasing,"[0.0, 0]"
52,AZO,increasing,"[0.0, 0]"
53,BA,increasing,"[0.0, 4.296518696378371e-11]"
54,BAC,decreasing,"[0.0, 0]"
55,BALL,increasing,"[5.379412341111056e-05, 0]"
56,BAX,decreasing,"[0.0, 0]"
57,BBWI,no change,"[0.4288889329981449, 0]"
58,BBY,increasing,"[7.242593338063763e-05, 0]"
59,BDX,increasing,"[4.440892098500626e-16, 0]"
60,BEN,increasing,"[6.226418448829207e-06, 0]"
61,BF-B,decreasing/RTC,"[0.0, 0.0]"
62,BG,decreasing/RTC,"[0.004357367369125065, 0.0]"
63,BIIB,increasing,"[7.251885758563503e-10, 0]"
64,BIO,decreasing,"[2.637628923274349e-06, 0]"
65,BK,increasing,"[7.379147191732827e-05, 0]"
66,BKNG,increasing,"[0.0, 0]"
67,BKR,increasing,"[5.058176100192213e-13, 0.0]"
68,BLK,no change/RTC,"[0.964224420069492, 6.337683711166164e-10]"
69,BMY,decreasing,"[5.2515325421609305e-09, 1.3322676295501878e-15]"
70,BR,increasing,"[1.2885341467150369e-06, 0]"
71,BRK-B,increasing,"[0.0, 0]"
72,BRO,increasing,"[1.170095131897142e-10, 0]"
73,BSX,increasing,"[0.0, 0]"
74,BWA,increasing,"[0.0, 0]"
75,BXP,decreasing,"[0.0, 0]"
76,C,no change,"[0.22094004578163884, 0]"
77,CAG,increasing/RTC,"[1.5543122344752192e-15, 0.0]"
78,CAH,increasing,"[0.0, 0]"
79,CARR,increasing,"[9.392486788328824e-14, 0.0]"
80,CAT,increasing,"[1.3753989613896067e-07, 0.0]"
81,CB,no change,"[0.05675411759843718, 0]"
82,CBOE,increasing,"[0.0, 0]"
83,CBRE,increasing,"[1.2740326342797204e-06, 0]"
84,CCI,decreasing,"[0.0, 5.56501087456418e-06]"
85,CCL,increasing,"[0.0029488334832703522, 4.527316299629547e-10]"
86,CDAY,increasing,"[9.539480316789195e-12, 0]"
87,CDNS,increasing,"[0.0, 0.025711313948102665]"
88,CDW,increasing,"[1.9724912103669112e-07, 0]"
89,CE,increasing,"[0.0007399344996625867, 4.440892098500626e-16]"
90,CEG,decreasing/RTC,"[6.661338147750939e-15, 0.0]"
91,CF,decreasing,"[0.0, 0]"
92,CFG,decreasing,"[0.0, 0]"
93,CHD,increasing,"[0.0, 0]"
94,CHRW,decreasing/RTC,"[0.030872423136220073, 0.15408350946992155]"
95,CHTR,no change,"[0.5754493011774475, 0]"
96,CI,decreasing,"[2.0267121314532233e-11, 0]"
97,CINF,increasing,"[0.021746241719741155, 0]"
98,CL,increasing,"[0.0344020048951883, 0]"
99,CLX,increasing,"[0.0, 0]"
100,CMA,decreasing,"[0.0, 0]"
101,CMCSA,increasing,"[0.0, 0]"
102,CME,increasing,"[7.1169794502168315e-09, 0]"
103,CMG,increasing,"[0.0, 0]"
104,CMI,increasing,"[6.128855807041589e-05, 0]"
105,CMS,no change,"[0.050024171094406045, 0.36916338100868273]"
106,CNC,decreasing,"[0.0, 0]"
107,CNP,decreasing/RTC,"[0.004216864977240942, 3.698599466761543e-05]"
108,COF,decreasing/RTC,"[4.632937704363016e-06, 1.0444643416818167e-07]"
109,COO,increasing,"[0.0, 0]"
110,COP,decreasing/RTC,"[1.6668666447117175e-11, 7.793765632868599e-14]"
111,COST,no change/RTC,"[0.15786157549195545, 0.0]"
112,CPB,increasing/RTC,"[0.0, 3.714806240395774e-13]"
113,CPRT,increasing,"[0.0, 0]"
114,CPT,decreasing,"[0.0, 0]"
115,CRL,decreasing,"[0.025766669253553642, 0]"
116,CRM,increasing,"[4.6629367034256575e-15, 0.0006540069712210883]"
117,CSCO,increasing,"[0.0, 0.0]"
118,CSGP,decreasing/RTC,"[0.0004698104160396621, 0.0002741476686003441]"
119,CSX,no change,"[0.7666760806929538, 0.14266625819271117]"
120,CTAS,increasing,"[0.0, 0]"
121,CTLT,decreasing,"[0.0, 0]"
122,CTRA,decreasing,"[2.4069635173873394e-13, 0]"
123,CTSH,no change/RTC,"[0.38020645457856306, 1.354472090042691e-14]"
124,CTVA,decreasing,"[0.0, 0]"
125,CVS,decreasing,"[0.0, 0]"
126,CVX,decreasing,"[6.776589511758857e-09, 0]"
127,CZR,increasing,"[0.0074196112992486185, 6.217248937900877e-15]"
128,D,decreasing/RTC,"[0.0, 0.3419934777507483]"
129,DAL,increasing,"[8.354807956578725e-10, 1.4578821483368642e-08]"
130,DD,increasing,"[3.013145288832675e-13, 1.3322676295501878e-15]"
131,DE,increasing,"[0.00013258100328594757, 0]"
132,DFS,no change,"[0.2760970101921192, 0.24419829766055767]"
133,DG,decreasing,"[0.0, 0.01335833515910867]"
134,DGX,increasing,"[0.026598746349738134, 0.0005426028649757608]"
135,DHI,increasing,"[0.0, 0]"
136,DHR,decreasing,"[0.0, 0]"
137,DIS,decreasing,"[0.001182393161218931, 1.4564249584125832e-08]"
138,DLR,decreasing/RTC,"[1.0234413316823066e-10, 0.0]"
139,DLTR,no change,"[0.09191722627015153, 0]"
140,DOV,increasing,"[0.0, 0]"
141,DOW,increasing,"[4.778843987196524e-12, 0]"
142,DPZ,decreasing/RTC,"[7.713829575095588e-13, 0.0]"
143,DRI,increasing,"[0.0, 0.00018193153237366921]"
144,DTE,decreasing,"[0.0, 0]"
145,DUK,decreasing/RTC,"[0.00020337920897017803, 0.004444434136868569]"
146,DVA,no change/RTC,"[0.464497715590245, 1.003663818721634e-11]"
147,DVN,decreasing,"[0.0, 0]"
148,DXC,decreasing,"[2.9366941525887924e-05, 0]"
149,DXCM,increasing,"[0.0, 0]"
150,EA,increasing,"[0.02571655642656312, 0]"
151,EBAY,increasing,"[4.00270492484367e-06, 0]"
152,ECL,increasing,"[2.8962119591469104e-08, 1.333821941784663e-12]"
153,ED,increasing/RTC,"[0.01690645212475128, 0.002900680731397376]"
154,EFX,increasing/RTC,"[7.983832706059957e-09, 0.08850193237838311]"
155,EG,increasing/RTC,"[0.0, 0.13049942344216858]"
156,EIX,increasing,"[0.0, 0]"
157,EL,decreasing,"[0.0, 0]"
158,ELV,decreasing,"[0.0, 0]"
159,EMN,no change,"[0.7660120905922683, 0]"
160,EMR,no change/RTC,"[0.9276065444788433, 0.0]"
161,ENPH,decreasing,"[0.0, 0]"
162,EOG,decreasing/RTC,"[1.1999313447308424e-06, 9.281464485866309e-14]"
163,EPAM,decreasing/RTC,"[0.0, 0.03069371152948297]"
164,EQIX,increasing,"[0.0, 4.145195298121962e-11]"
165,EQR,decreasing/RTC,"[0.0, 4.103222083440272e-06]"
166,EQT,decreasing/RTC,"[0.0, 0.0]"
167,ES,decreasing/RTC,"[5.945910430682488e-12, 0.06048683688745271]"
168,ESS,decreasing/RTC,"[0.0, 2.4424906541753444e-15]"
169,ETN,increasing,"[0.0, 0.0]"
170,ETR,decreasing/RTC,"[1.4431023043215419e-09, 0.06540721666046934]"
171,ETSY,no change,"[0.6654289688464898, 0.6597034194901088]"
172,EVRG,decreasing/RTC,"[0.006045896372857129, 0.7543863836004356]"
173,EW,increasing,"[4.490409341029178e-06, 0]"
174,EXC,no change/RTC,"[0.2219318997987032, 5.109421505888889e-06]"
175,EXPD,increasing,"[0.0, 0]"
176,EXPE,decreasing/RTC,"[0.0009217370540950398, 6.884443903842907e-09]"
177,EXR,decreasing,"[0.0, 0]"
178,F,decreasing/RTC,"[1.1102230246251565e-15, 0.2128495211998369]"
179,FANG,no change,"[0.18767453303718673, 0]"
180,FAST,increasing,"[0.0, 1.184866889047953e-07]"
181,FCX,increasing,"[0.0, 0]"
182,FDS,decreasing,"[1.4703620543343732e-09, 0]"
183,FDX,increasing,"[0.0, 0]"
184,FE,no change,"[0.3294158581015907, 0.10226023003833129]"
185,FFIV,decreasing/RTC,"[0.0, 2.013056388250334e-12]"
186,FI,increasing,"[0.0, 0]"
187,FICO,increasing,"[0.0, 0.0]"
188,FIS,decreasing,"[0.0, 0]"
189,FITB,decreasing,"[0.0, 0]"
190,FLT,increasing,"[1.8252804157015134e-08, 4.440892098500626e-16]"
191,FMC,increasing/RTC,"[1.902685714361141e-05, 3.3306690738754696e-15]"
192,FOX,increasing,"[1.4965898924579335e-06, 0]"
193,FOXA,increasing,"[4.028533881195173e-05, 0]"
194,FRT,decreasing,"[0.0003730704549356201, 0]"
195,FSLR,increasing,"[0.0, 0]"
196,FTNT,increasing,"[0.0, 0.0001768202241150263]"
197,FTV,increasing,"[5.470902065840555e-05, 0.0]"
198,GD,decreasing,"[0.0, 0]"
199,GE,increasing,"[0.0, 0]"
200,GEHC,increasing,"[0.0, 0]"
201,GEN,decreasing/RTC,"[0.0, 0.0]"
202,GILD,increasing/RTC,"[3.58653409193721e-08, 0.8483670482138788]"
203,GIS,increasing/RTC,"[0.0, 0.0]"
204,GL,increasing,"[0.005862581696807423, 0]"
205,GLW,no change,"[0.44342004496499987, 0]"
206,GM,decreasing,"[0.0004560011287866317, 0]"
207,GNRC,decreasing/RTC,"[1.638689184346731e-13, 0.008974833096411006]"
208,GOOG,no change/RTC,"[0.38477445491575013, 3.57576350749067e-05]"
209,GOOGL,no change/RTC,"[0.3316029762501933, 1.972519306425724e-05]"
210,GPC,increasing/RTC,"[0.01232929691469753, 0.46892633430900066]"
211,GPN,decreasing,"[4.540634729455206e-05, 0]"
212,GRMN,increasing,"[0.0, 0]"
213,GS,no change,"[0.06808504925941383, 0]"
214,GWW,increasing,"[0.0, 0.0026393532634529926]"
215,HAL,increasing,"[0.0002774946888504104, 0]"
216,HAS,decreasing/RTC,"[0.0, 1.6016077353242508e-12]"
217,HBAN,decreasing,"[2.731148640577885e-14, 0]"
218,HCA,increasing,"[0.0, 0]"
219,HD,no change/RTC,"[0.7188664267086478, 0.0]"
220,HES,increasing,"[2.8777493721321434e-09, 0]"
221,HIG,increasing,"[1.3129217990570652e-06, 0]"
222,HII,decreasing/RTC,"[0.0, 1.1546319456101628e-13]"
223,HLT,increasing,"[0.0, 0]"
224,HOLX,increasing/RTC,"[0.0, 6.553504451534131e-05]"
225,HON,no change,"[0.9678915167074504, 0.4548358669385755]"
226,HPE,increasing,"[6.357031517190137e-06, 0.0]"
227,HPQ,increasing,"[9.538278278320433e-08, 1.271774774380674e-08]"
228,HRL,decreasing,"[0.0, 0]"
229,HSIC,increasing,"[0.0, 0.0031526997100821408]"
230,HST,decreasing/RTC,"[1.0049512999543708e-08, 0.6978689597969618]"
231,HSY,increasing/RTC,"[0.0, 0.0]"
232,HUM,increasing/RTC,"[0.03963901535519798, 0.0065835059200718415]"
233,HWM,increasing,"[0.0, 0]"
234,IBM,decreasing/RTC,"[0.0005253567404921444, 5.329070518200751e-15]"
235,ICE,increasing,"[3.701283390888932e-08, 1.1945999744966684e-13]"
236,IDXX,increasing,"[0.0, 6.880831460165382e-10]"
237,IEX,decreasing,"[0.044285828004709815, 0]"
238,IFF,decreasing/RTC,"[1.4368682332843719e-07, 0.7587883540624065]"
239,ILMN,decreasing,"[2.2429135992929616e-07, 0]"
240,INCY,decreasing,"[1.5210055437364645e-13, 0]"
241,INTC,increasing,"[0.0, 0]"
242,INTU,increasing,"[0.0038225210692623968, 0.0]"
243,INVH,increasing,"[0.0028293772045642207, 0]"
244,IP,decreasing,"[1.9806378759312793e-13, 0]"
245,IPG,increasing,"[0.0, 0]"
246,IQV,decreasing/RTC,"[0.0011258634575581628, 5.024869409453459e-13]"
247,IR,increasing,"[0.0, 0.0]"
248,IRM,increasing,"[0.0, 0]"
249,ISRG,increasing,"[0.0, 0]"
250,IT,increasing,"[0.014390197772117697, 0.022109539164983483]"
251,ITW,increasing,"[0.0, 2.0893220487039343e-09]"
252,IVZ,decreasing,"[0.032233295957895924, 0]"
253,J,decreasing/RTC,"[3.6463780370254995e-05, 0.0]"
254,JBHT,increasing,"[0.01850446277488338, 0.0]"
255,JCI,increasing,"[0.004802325407595731, 0.0004558943724524145]"
256,JKHY,decreasing/RTC,"[0.0, 0.0]"
257,JNJ,decreasing/RTC,"[1.0557215732731606e-06, 8.79252226582139e-12]"
258,JNPR,no change,"[0.17450017405236684, 0]"
259,JPM,increasing,"[0.0, 0.0]"
260,K,decreasing,"[0.0, 7.96040079340532e-05]"
261,KDP,decreasing,"[0.0, 0]"
262,KEY,decreasing,"[0.0, 0]"
263,KEYS,decreasing/RTC,"[9.121828537184129e-06, 0.21502867714589424]"
264,KHC,increasing/RTC,"[6.927791673660977e-14, 8.659739592076221e-15]"
265,KIM,decreasing/RTC,"[2.0773893716352632e-10, 6.328937374178167e-12]"
266,KLAC,increasing,"[4.271034637071125e-10, 5.470757180603414e-10]"
267,KMB,increasing,"[4.065459080493383e-11, 0]"
268,KMI,decreasing,"[4.440892098500626e-16, 0]"
269,KMX,decreasing/RTC,"[0.01029274579842987, 1.354472090042691e-14]"
270,KO,increasing/RTC,"[8.17979297829119e-05, 0.461813394028886]"
271,KR,increasing,"[0.00034045180835451383, 0]"
272,L,increasing,"[2.078381911019278e-11, 0.0]"
273,LDOS,decreasing,"[4.218847493575595e-15, 0]"
274,LEN,increasing,"[0.0, 0]"
275,LH,no change/RTC,"[0.3953760911169599, 0.0]"
276,LHX,decreasing,"[0.0, 0]"
277,LIN,increasing,"[0.0, 3.1754598950328727e-12]"
278,LKQ,increasing/RTC,"[0.0, 0.5126600991709851]"
279,LLY,increasing,"[0.0, 0]"
280,LMT,no change,"[0.623775215447083, 0]"
281,LNC,decreasing,"[0.0, 0]"
282,LNT,decreasing/RTC,"[1.6857403630776702e-06, 0.4073627160297346]"
283,LOW,increasing,"[0.011779421221915554, 1.503241975342462e-13]"
284,LRCX,increasing,"[0.0, 1.567634910770721e-13]"
285,LUV,decreasing/RTC,"[0.0, 6.554494875743444e-06]"
286,LVS,increasing,"[0.0, 0]"
287,LW,increasing,"[0.0, 0]"
288,LYB,increasing,"[0.0, 0]"
289,LYV,decreasing/RTC,"[0.0, 9.511412422114063e-07]"
290,MA,increasing,"[0.0, 0]"
291,MAA,decreasing,"[0.0, 0]"
292,MAR,increasing,"[0.0, 0]"
293,MAS,increasing,"[0.0003227326404136033, 2.7977620220553945e-14]"
294,MCD,increasing,"[0.0, 0]"
295,MCHP,increasing,"[0.0, 4.8238599559269346e-08]"
296,MCK,no change/RTC,"[0.060499897121353285, 6.291722698392732e-11]"
297,MCO,increasing,"[1.992184195387381e-12, 1.2327751486296279e-08]"
298,MDLZ,increasing,"[0.0, 0]"
299,MDT,no change,"[0.051167644386052924, 0]"
300,MET,decreasing,"[0.0, 0]"
301,META,increasing,"[0.0, 0]"
302,MGM,increasing,"[0.0, 0]"
303,MHK,no change,"[0.5592385200597354, 0]"
304,MKC,increasing,"[6.401545959988653e-13, 0]"
305,MKTX,increasing/RTC,"[0.0, 8.126832540256146e-14]"
306,MLM,increasing,"[0.0, 0]"
307,MMC,increasing,"[0.0, 0]"
308,MMM,decreasing/RTC,"[0.0, 3.012243015021454e-07]"
309,MNST,increasing,"[0.0, 0]"
310,MO,increasing/RTC,"[2.144977462315012e-08, 0.3753034910331725]"
311,MOH,decreasing,"[0.0, 0]"
312,MOS,decreasing,"[0.0, 0]"
313,MPC,increasing,"[0.0, 0]"
314,MPWR,increasing,"[9.603963535553817e-08, 1.3060872716685878e-07]"
315,MRK,increasing,"[0.0, 0]"
316,MRNA,no change/RTC,"[0.5551970552941388, 9.479084184249587e-13]"
317,MRO,decreasing,"[1.9984014443252818e-15, 0]"
318,MS,no change,"[0.26331095314263586, 0]"
319,MSCI,increasing,"[6.727951529228449e-13, 0]"
320,MSFT,increasing,"[0.0, 0]"
321,MSI,increasing,"[0.0, 0]"
322,MTB,decreasing,"[0.0, 0]"
323,MTCH,decreasing/RTC,"[0.0, 3.064215547965432e-14]"
324,MTD,increasing/RTC,"[0.0, 1.8165091653088439e-09]"
325,MU,increasing/RTC,"[2.3714363805993344e-13, 0.37226816980617716]"
326,NCLH,no change/RTC,"[0.15449625338774742, 3.3494874415396225e-05]"
327,NDAQ,decreasing,"[0.0, 5.121461238832836e-05]"
328,NDSN,decreasing/RTC,"[0.002479226132065193, 1.438849039914203e-13]"
329,NEE,decreasing,"[3.2529534621517087e-13, 1.4337239351291942e-07]"
330,NEM,increasing/RTC,"[0.0, 0.0551341313631295]"
331,NFLX,increasing,"[0.0, 1.2392179986608909e-06]"
332,NI,increasing/RTC,"[0.01201015428424812, 0.35088319277755575]"
333,NKE,increasing/RTC,"[0.0, 0.6223840035002268]"
334,NOC,decreasing,"[0.0, 0]"
335,NOW,increasing,"[4.357990190939631e-09, 3.838019435598028e-08]"
336,NRG,decreasing/RTC,"[0.0, 1.9198598266711997e-10]"
337,NSC,decreasing/RTC,"[1.6748824549495112e-12, 7.963943937649987e-07]"
338,NTAP,decreasing/RTC,"[4.4326098347369225e-11, 5.995204332975845e-15]"
339,NTRS,decreasing,"[0.0, 0]"
340,NUE,increasing,"[0.0, 0]"
341,NVDA,increasing,"[0.0, 3.743227949826178e-12]"
342,NVR,increasing,"[0.0, 0]"
343,NWL,decreasing,"[0.0, 0]"
344,NWS,no change/RTC,"[0.05462352067140519, 2.220446049250313e-16]"
345,NWSA,increasing,"[0.011853601072003839, 2.4424906541753444e-15]"
346,NXPI,increasing,"[7.445884242507361e-08, 2.220446049250313e-16]"
347,O,decreasing,"[2.220446049250313e-16, 0]"
348,ODFL,increasing,"[0.0, 0.0]"
349,OGN,decreasing,"[0.0, 0]"
350,OKE,increasing,"[0.008928026385829568, 0]"
351,OMC,increasing,"[0.0, 0]"
352,ON,increasing,"[2.220446049250313e-16, 2.886579864025407e-15]"
353,ORCL,increasing,"[0.0, 0]"
354,ORLY,increasing,"[0.0, 0]"
355,OTIS,increasing,"[0.0, 4.079890647545881e-09]"
356,OXY,decreasing/RTC,"[0.0, 2.1664032789914245e-09]"
357,PANW,increasing,"[4.8409879191968486e-06, 0.001975799025943692]"
358,PARA,decreasing,"[0.0, 0]"
359,PAYC,decreasing/RTC,"[0.0, 5.722092982551885e-06]"
360,PAYX,decreasing/RTC,"[0.0, 0.0]"
361,PCAR,increasing,"[0.0, 2.6645352591003757e-15]"
362,PCG,increasing,"[0.0, 0]"
363,PEAK,decreasing,"[0.0, 0]"
364,PEG,increasing,"[3.679753218310822e-05, 0]"
365,PEP,increasing,"[0.0, 0]"
366,PFE,decreasing,"[0.0, 0]"
367,PFG,decreasing,"[2.6695676681232072e-05, 0]"
368,PG,increasing,"[0.0, 0]"
369,PGR,increasing,"[3.171917328792517e-08, 0]"
370,PH,increasing,"[0.0, 0.0]"
371,PHM,increasing,"[0.0, 0]"
372,PKG,increasing,"[3.2541339178848716e-08, 0]"
373,PLD,increasing,"[2.9858560068873885e-11, 0]"
374,PM,increasing,"[0.0010463803038924802, 1.627465919806781e-07]"
375,PNC,decreasing,"[0.0, 0]"
376,PNR,increasing,"[0.0, 0]"
377,PNW,increasing,"[0.0, 0]"
378,PODD,increasing/RTC,"[0.0, 7.355028008859676e-08]"
379,POOL,increasing,"[0.002830164348253339, 1.0764722446765518e-12]"
380,PPG,increasing,"[0.0, 0]"
381,PPL,no change,"[0.16438290260628907, 0.21494141894230334]"
382,PRU,decreasing,"[9.344525153665018e-12, 0]"
383,PSA,decreasing,"[6.120215445548638e-12, 0]"
384,PSX,increasing,"[0.0002618459502932158, 0]"
385,PTC,increasing,"[5.995204332975845e-15, 6.439293542825908e-15]"
386,PWR,increasing,"[0.0, 0.0]"
387,PXD,decreasing,"[0.0, 0]"
388,PYPL,decreasing/RTC,"[0.0, 5.424139864818045e-06]"
389,QCOM,decreasing,"[2.0947024134798653e-05, 0]"
390,QRVO,increasing,"[1.9523396545428895e-05, 2.035616120110717e-11]"
391,RCL,increasing,"[0.0, 0.0]"
392,REG,no change/RTC,"[0.5143348882867662, 0.0]"
393,REGN,increasing/RTC,"[0.0, 0.20077713839988864]"
394,RF,decreasing,"[1.9095836023552692e-14, 0]"
395,RHI,decreasing,"[4.944096236858542e-07, 0]"
396,RJF,decreasing/RTC,"[6.569034205483604e-11, 0.0]"
397,RL,increasing,"[0.0, 4.809486142676178e-13]"
398,RMD,decreasing,"[0.0013517766084649718, 0]"
399,ROK,increasing,"[0.0, 4.3411608956489545e-06]"
400,ROL,increasing,"[0.0, 0]"
401,ROP,increasing,"[0.0, 0]"
402,ROST,increasing,"[2.0865217953414117e-07, 0.0]"
403,RSG,increasing,"[1.1329395199766168e-09, 0]"
404,RTX,increasing,"[0.0008021331587666491, 0]"
405,RVTY,decreasing/RTC,"[0.00031851847585429027, 1.069977151990642e-06]"
406,SBAC,decreasing/RTC,"[0.0, 0.7587961994327166]"
407,SBUX,increasing/RTC,"[0.0, 0.07065302714919142]"
408,SCHW,decreasing,"[1.559685713914405e-11, 0]"
409,SEDG,increasing/RTC,"[0.0002812913632177505, 0.0]"
410,SEE,decreasing/RTC,"[5.398735014594536e-09, 0.08116975936044346]"
411,SHW,no change/RTC,"[0.2685641927612712, 0.0]"
412,SJM,increasing/RTC,"[0.0, 0.10107793660107633]"
413,SLB,increasing,"[1.2492229473082261e-11, 0]"
414,SNA,increasing,"[0.0, 0]"
415,SNPS,increasing/RTC,"[0.0, 0.052274844621249095]"
416,SO,no change,"[0.08305472960694149, 0]"
417,SPG,increasing,"[1.7977869082308473e-07, 0]"
418,SPGI,increasing,"[0.0480429705906118, 1.3060872716685878e-07]"
419,SRE,decreasing/RTC,"[2.9488860242565806e-09, 0.6681159141059725]"
420,STE,increasing,"[0.005401826277396715, 2.220446049250313e-16]"
421,STLD,increasing,"[7.58726415028832e-13, 0]"
422,STT,no change,"[0.9660041466509666, 0]"
423,STX,increasing,"[0.00047295974771444094, 0]"
424,STZ,decreasing/RTC,"[0.0, 0.0]"
425,SWK,no change/RTC,"[0.0972333319638663, 9.103828801926284e-15]"
426,SWKS,increasing,"[0.0, 0]"
427,SYF,decreasing/RTC,"[9.530257296574973e-05, 2.3131008219934301e-10]"
428,SYK,increasing,"[0.0, 0]"
429,SYY,decreasing/RTC,"[2.731148640577885e-14, 0.009743921776109499]"
430,T,decreasing,"[3.4968710815874715e-08, 0]"
431,TAP,increasing,"[0.0, 0]"
432,TDG,increasing,"[0.0, 0]"
433,TDY,increasing,"[3.3662847704896137e-06, 0]"
434,TECH,no change,"[0.10516280273612266, 0]"
435,TEL,increasing,"[0.009097175981675365, 3.965583417198104e-11]"
436,TER,increasing,"[0.0, 1.2844123989275147e-05]"
437,TFC,decreasing,"[0.0, 0]"
438,TFX,increasing/RTC,"[0.0, 0.5353120552177089]"
439,TGT,no change/RTC,"[0.9120859771589114, 0.0014099453577667287]"
440,TJX,increasing,"[1.0658141036401503e-14, 0.0]"
441,TMO,no change,"[0.20474875052783958, 0]"
442,TMUS,increasing/RTC,"[0.013153385820031005, 0.059701666907878925]"
443,TPR,increasing,"[0.0, 0]"
444,TRGP,increasing,"[0.0, 0.0]"
445,TRMB,decreasing/RTC,"[0.0, 0.0]"
446,TROW,decreasing/RTC,"[8.500785008447309e-05, 2.2572256952457792e-08]"
447,TRV,no change,"[0.19222229928012746, 0]"
448,TSCO,increasing/RTC,"[0.0, 0.059701666907878925]"
449,TSLA,decreasing/RTC,"[0.0, 2.8044720006725754e-05]"
450,TSN,decreasing/RTC,"[0.0, 4.8183679268731794e-14]"
451,TT,increasing,"[0.0, 0.0]"
452,TTWO,no change/RTC,"[0.053626724239469015, 7.118304168329814e-08]"
453,TXN,increasing,"[4.174697920689141e-09, 0]"
454,TXT,increasing,"[0.00023226444083923603, 0]"
455,TYL,increasing,"[6.661338147750939e-16, 0]"
456,UAL,increasing,"[0.0, 1.5859920875493927e-05]"
457,UDR,no change,"[0.8411741812145426, 0]"
458,UHS,increasing/RTC,"[0.0, 0.21502867714589424]"
459,ULTA,increasing/RTC,"[0.0, 0.5201643647407668]"
460,UNH,decreasing,"[0.0, 0]"
461,UNP,decreasing/RTC,"[1.021405182655144e-14, 0.0]"
462,UPS,no change,"[0.2934635280866864, 0]"
463,URI,increasing,"[0.0, 0.0]"
464,USB,decreasing,"[0.0, 0]"
465,V,increasing,"[0.0, 0]"
466,VFC,decreasing/RTC,"[0.0, 0.0008102858725145268]"
467,VICI,no change,"[0.31204054779011203, 0.7720168006974293]"
468,VLO,no change,"[0.6547747345172596, 0]"
469,VMC,increasing,"[0.0, 0]"
470,VRSK,increasing,"[0.0, 0]"
471,VRSN,increasing,"[0.0, 0]"
472,VRTX,increasing,"[0.0, 0]"
473,VTR,increasing,"[0.023797677643141668, 0]"
474,VTRS,no change,"[0.5057304025312488, 0]"
475,VZ,decreasing,"[0.0010866337081691935, 2.010565047783075e-10]"
476,WAB,increasing,"[6.927791673660977e-14, 0.0]"
477,WAT,no change/RTC,"[0.6754873104351369, 6.359579529657822e-12]"
478,WBA,decreasing,"[0.0005502774637522467, 6.751931812098988e-06]"
479,WBD,increasing,"[0.02235252934505172, 0]"
480,WDC,decreasing/RTC,"[0.001658108860649543, 2.530022035118762e-05]"
481,WEC,decreasing/RTC,"[0.007070675759410117, 0.8302575858244738]"
482,WELL,increasing,"[0.0, 0]"
483,WFC,decreasing,"[0.002661210320195506, 0]"
484,WHR,decreasing/RTC,"[1.176836406102666e-14, 0.004364918401432938]"
485,WM,no change,"[0.6483095151942089, 0]"
486,WMB,decreasing/RTC,"[0.0, 0.0]"
487,WMT,increasing,"[0.0, 0]"
488,WRB,decreasing,"[0.0, 0]"
489,WRK,decreasing,"[0.0, 0]"
490,WST,increasing,"[0.0, 1.2434497875801753e-14]"
491,WTW,increasing/RTC,"[7.55145501685206e-10, 0.07529847201121775]"
492,WY,decreasing/RTC,"[1.8922047868574765e-05, 1.4111134483130172e-10]"
493,WYNN,increasing/RTC,"[0.0, 0.5479411579513771]"
494,XEL,decreasing,"[0.011587993150381504, 3.550091776105546e-09]"
495,XOM,increasing,"[0.00028566623948012015, 0]"
496,XRAY,increasing,"[0.0, 0]"
497,XYL,increasing,"[8.569522869095181e-11, 0]"
498,YUM,increasing,"[0.0, 0]"
499,ZBH,increasing,"[0.0, 0]"
500,ZBRA,no change,"[0.8178598430639212, 0]"
501,ZION,decreasing,"[0.0, 0]"
502,ZTS,increasing,"[0.0, 0]"
